rid,s,applied,L,late,mode,edge_x,edge_y,heavy_x,heavy_y,drift_px,drift_orig_px,before_x,before_y,after_x,after_y,template,ostrack_ms,calls,peaks,answer_ms,box_orig
1652,31,48,17,0,pos,91,82,81,56,27.86,107.9,78,58,68,32,0,30.8,2,0.596 0.600,35.9,"[320.3, 205.0, 51.4, 83.9]"
1653,62,79,17,0,pos,86,7,107,55,52.39,202.9,86,8,107,56,0,31.2,2,0.552 0.832,35.6,"[415.7, 195.5, 56.8, 94.5]"
1654,93,110,17,0,pos,90,83,63,55,38.9,150.6,90,83,63,55,0,28.5,2,0.347 0.292,39.2,"[246.5, 213.7, 53.3, 63.1]"
1655,124,141,17,0,pos,42,53,69,44,28.46,110.2,73,17,100,8,0,33.0,2,0.293 0.805,36.0,"[273.5, 155.0, 49.7, 95.1]"
1656,155,172,17,0,pos,86,7,65,43,41.68,161.4,86,7,65,43,0,32.9,2,0.529 0.753,71.6,"[259.1, 148.9, 50.8, 94.8]"
1657,186,203,17,0,pos,86,7,79,13,9.22,35.7,86,8,79,14,0,31.7,2,0.564 0.515,35.8,"[290.5, 30.9, 92.8, 97.2]"
1658,217,234,17,0,pos,86,7,79,13,9.22,35.7,86,7,79,13,0,16.3,1,0.616,35.9,"[289.9, 34.1, 94.8, 95.0]"
1659,248,265,17,0,pos,86,8,80,17,10.82,41.9,86,8,80,17,0,15.8,1,0.638,36.3,"[292.7, 41.0, 93.7, 113.1]"
1661,310,327,17,0,pos,79,51,74,50,5.1,19.7,82,64,77,63,0,15.6,1,0.811,35.1,"[293.6, 182.4, 51.8, 85.2]"
1662,341,358,17,0,pos,45,67,71,48,32.2,124.7,48,81,74,62,0,16.0,1,0.729,40.1,"[277.3, 174.0, 53.8, 88.9]"
1663,372,389,17,0,pos,90,83,67,51,39.41,152.6,90,83,67,51,0,31.3,2,0.241 0.558,35.9,"[267.4, 185.8, 49.4, 84.2]"
1664,403,420,17,0,pos,49,48,66,48,17.0,65.8,49,52,66,52,0,18.2,1,0.842,34.6,"[261.3, 174.2, 48.6, 88.4]"
1665,434,451,17,0,pos,71,24,70,38,14.04,54.4,86,7,85,21,0,17.0,1,0.756,35.7,"[278.1, 136.5, 50.2, 85.5]"
1666,465,482,17,0,pos,86,7,75,38,32.89,127.4,86,7,75,38,0,28.2,2,0.519 0.815,35.9,"[290.5, 133.4, 59.3, 91.9]"
1667,496,513,17,0,pos,86,7,57,49,51.04,197.7,86,7,57,49,0,31.4,2,0.529 0.815,38.0,"[224.1, 177.6, 52.1, 84.7]"
1668,527,544,17,0,pos,81,60,77,47,13.6,52.7,81,65,77,52,0,15.6,1,0.828,35.8,"[302.3, 166.0, 54.4, 91.6]"
1669,558,575,17,0,pos,90,83,69,62,29.7,115.0,78,60,57,39,0,29.3,2,0.547 0.685,40.4,"[270.5, 229.8, 57.6, 79.5]"
1670,589,606,17,0,pos,78,50,78,49,1.0,3.9,91,82,91,81,0,15.5,1,0.873,35.3,"[306.8, 183.3, 50.9, 77.1]"
1671,620,637,17,0,pos,91,82,69,61,30.41,117.8,48,81,26,60,0,14.5,1,0.616,35.9,"[271.4, 228.9, 55.0, 76.4]"
1672,651,668,17,0,pos,48,81,83,58,41.88,162.2,47,67,82,44,0,30.0,2,0.262 0.653,35.9,"[327.8, 212.0, 49.8, 87.0]"
1673,682,699,17,0,pos,90,83,61,49,44.69,173.1,90,84,61,50,0,29.9,2,0.271 0.735,35.6,"[241.5, 181.5, 51.3, 77.5]"
1674,713,730,17,0,pos,49,52,68,38,23.6,91.4,86,7,105,0,0,14.2,1,0.748,35.5,"[271.2, 135.3, 49.4, 88.5]"
1675,744,761,17,0,pos,86,7,81,55,48.26,186.9,86,9,81,57,0,30.8,2,0.575 0.742,35.8,"[318.5, 201.9, 49.9, 81.3]"
1676,775,792,17,0,pos,87,58,88,54,4.12,16.0,52,52,53,48,0,14.3,1,0.689,35.8,"[346.8, 193.1, 52.2, 94.4]"
1677,806,823,17,0,pos,45,67,72,49,32.45,125.7,79,56,106,38,0,14.6,1,0.789,36.4,"[279.9, 172.7, 58.4, 92.8]"
1678,837,854,17,0,pos,86,7,79,12,8.6,33.3,86,6,79,11,0,31.8,2,0.583 0.400,41.0,"[290.8, 29.0, 91.6, 98.5]"
1680,899,916,17,0,pos,78,57,77,53,4.12,16.0,78,58,77,54,0,17.7,1,0.720,35.4,"[301.9, 195.5, 52.2, 84.1]"
1681,930,947,17,0,pos,48,81,102,51,61.77,239.2,46,68,100,38,0,31.2,2,0.220 0.686,35.1,"[398.7, 182.7, 54.2, 90.9]"
1682,961,978,17,0,pos,86,9,79,12,7.62,29.5,86,9,79,12,0,31.4,2,0.451 0.359,36.0,"[289.4, 29.5, 94.3, 98.9]"
1683,992,1009,17,0,pos,86,7,79,13,9.22,35.7,71,24,64,30,0,15.1,1,0.631,38.1,"[289.7, 33.7, 93.8, 96.3]"
1684,1023,1040,17,0,pos,86,7,66,41,39.45,152.8,86,9,66,43,0,28.8,2,0.565 0.645,40.8,"[259.5, 146.4, 54.5, 90.1]"
1685,1054,1071,17,0,pos,86,7,67,61,57.25,221.7,86,9,67,63,0,28.9,2,0.575 0.694,35.0,"[262.1, 227.3, 57.7, 80.1]"
1686,1085,1102,17,0,pos,45,67,60,54,19.85,76.9,72,54,87,41,0,29.9,2,0.532 0.522,36.1,"[238.9, 193.4, 52.4, 97.1]"
1687,1116,1133,17,0,pos,86,7,80,42,35.51,137.5,86,7,80,42,0,30.4,2,0.446 0.809,37.8,"[314.8, 146.3, 52.0, 91.4]"
1689,1178,1195,17,0,pos,76,51,75,50,1.41,5.5,87,63,86,62,0,15.3,1,0.845,35.8,"[297.6, 184.4, 51.3, 82.3]"
1690,1209,1226,17,0,pos,68,49,65,48,3.16,12.2,48,81,45,80,0,15.3,1,0.747,35.9,"[256.1, 172.8, 52.7, 87.3]"
1691,1240,1257,17,0,pos,47,67,69,51,27.2,105.4,40,51,62,35,0,13.8,1,0.803,41.0,"[272.6, 187.2, 49.0, 82.7]"
1692,1271,1288,17,0,pos,49,52,65,48,16.49,63.9,42,48,58,44,0,16.3,1,0.806,35.6,"[256.4, 173.8, 50.9, 88.2]"
1693,1302,1319,17,0,pos,73,17,71,39,22.09,85.6,86,7,84,29,0,30.8,2,0.557 0.600,35.3,"[280.9, 137.6, 50.5, 85.0]"
1694,1333,1350,17,0,pos,86,7,83,39,32.14,124.5,86,9,83,41,0,32.0,2,0.496 0.807,36.0,"[326.0, 135.3, 54.6, 94.5]"
1695,1364,1381,17,0,pos,86,7,61,48,48.02,186.0,86,8,61,49,0,30.8,2,0.507 0.863,35.7,"[238.6, 175.1, 53.9, 85.5]"
1696,1395,1412,17,0,pos,91,82,74,48,38.01,147.2,76,60,59,26,0,29.7,2,0.376 0.824,35.6,"[291.1, 170.8, 54.9, 95.5]"
1697,1426,1443,17,0,pos,86,6,69,64,60.44,234.1,86,8,69,66,0,31.8,2,0.546 0.615,38.2,"[271.9, 249.2, 52.2, 62.0]"
