rate,frames,results,complete,incomplete,tracked,timeouts,agree,origin_checked,origin_ok,send_fps,tracked_fps,rx_us_p50,after_us_p50,after_us_p99,after_us_max,total_us_p50,total_us_max,rtt_us_p50,rtt_us_p99,clean,first_mismatch_frames
30.0,300,300,300,0,300,0,300,0,0,30.099879847359823,30.099879847359823,123.55999999999999,792.768,799.0362399999999,800.528,916.328,949.12,868.5535,879.18905,1,
60.0,300,300,300,0,300,0,300,0,0,60.19880582180107,60.19880582180107,121.336,795.0,806.16648,807.232,916.336,949.112,872.3544999999999,917.4985899999999,1,
120.0,360,360,360,0,360,0,360,0,0,120.32837827010044,120.32837827010044,120.968,795.508,803.52696,820.312,916.336,949.12,869.7,881.04456,1,
250.0,750,750,750,0,750,0,750,0,0,250.3219630241131,250.3219630241131,116.856,799.48,805.736,807.256,916.328,949.12,876.3665000000001,1017.50814,1,
500.0,1500,1500,1500,0,1500,0,1500,0,0,500.31076202610336,500.31076202610336,114.27600000000001,802.056,806.83256,809.112,916.336,949.12,876.4125,965.8269499999999,1,
750.0,2250,2250,2250,0,2250,0,2250,0,0,750.3003699980223,750.3003699980223,112.076,804.252,807.664,809.112,916.328,949.112,875.3,976.47191,1,
900.0,2700,2700,2700,0,2700,0,2700,0,0,900.2941843290442,900.2941843290442,110.888,805.448,808.76216,812.784,916.328,1058.072,875.2415,886.1221899999999,1,
1000.0,3000,3000,3000,0,3000,0,3000,0,0,1000.2856829247576,1000.2856829247576,119.896,796.432,806.0800800000001,816.632,916.328,949.12,866.1845000000001,877.6092600000001,1,
1050.0,3150,3150,3150,0,3150,0,3150,0,0,1050.285539379115,1050.285539379115,123.208,793.12,806.53208,812.352,916.336,949.112,865.0070000000001,889.7474699999999,1,
1100.0,3300,3300,2766,534,2766,0,2766,0,0,1100.285699818053,922.2394683929498,108.73599999999999,1738.208,1761.7048,1763.664,1831.016,1872.12,1789.6335,1857.2953,0,
1150.0,3450,3450,2801,649,2801,0,2801,0,0,1150.2833205332638,933.8966900909195,110.536,1658.536,1817.312,1840.344,1767.912,1949.7839999999999,1711.62,1905.795,0,
1200.0,3600,3600,2800,800,2800,0,2800,0,0,1200.281580857649,933.5523406670603,109.88,1624.296,1879.65336,1914.376,1734.888,2024.352,1690.08,1948.95311,0,
1500.0,4500,4500,2253,2247,2253,0,2253,0,0,1500.2687071270589,751.134532701614,111.60000000000001,2079.056,2253.1776,2294.92,2190.544,2407.392,2125.749,2297.94088,0,
2000.0,6000,5386,1053,4333,1053,0,1053,0,0,2000.2462103060268,351.0432099087077,111.384,2422.688,2849.344,2849.344,2534.8559999999998,3354.704,2476.165,3229.6520400000004,0,
3000.0,6000,5948,31,5917,31,0,31,0,0,3000.3032886582373,15.501566991400892,113.256,2381.304,2765.14,2849.344,2496.96,3077.976,2428.503,2909.1086999999998,0,
0.0,6000,5984,4,5980,4,0,4,0,0,7471.989491473681,4.98132632764912,124.192,1861.56,2761.2583999999997,2780.984,1993.8000000000002,2880.656,1912.532,2806.78698,0,
