time,session,frame,key,value
01:47:36,1,1664,source,otb
01:47:36,1,1664,seq,Walking
01:47:36,1,1664,tracker,s3x8
01:47:36,1,1664,crop,server
01:47:36,1,1664,action,restart
01:47:55,2,411,loop,1
01:47:56,2,411,source,otb
01:47:56,2,411,seq,Walking
01:47:56,2,411,tracker,s3x8
01:47:56,2,411,crop,server
01:47:56,2,411,action,restart
01:48:11,3,421,source,otb
01:48:11,3,421,seq,Walking
01:48:11,3,421,tracker,s3x8
01:48:11,3,421,crop,server
01:48:11,3,421,action,restart
01:48:39,4,802,source,otb
01:48:39,4,802,seq,Dog
01:48:39,4,802,tracker,s3x8
01:48:39,4,802,crop,server
01:48:39,4,802,action,restart
01:49:22,5,1275,source,otb
01:49:22,5,1275,seq,Couple
01:49:22,5,1275,tracker,s3x8
01:49:22,5,1275,crop,server
01:49:22,5,1275,action,restart
01:49:41,6,557,source,webcam
01:49:41,6,557,seq,Couple
01:49:41,6,557,tracker,s3x8
01:49:41,6,557,crop,server
01:49:41,6,557,action,restart
